{"lo": -0.4317271113395691, "hi": 0.48117101192474365}